{"cameraMode":{"drawMode":0,"name":"Shaded","section":"Shading Mode"},"sceneLighting":true,"audioPlay":false,"sceneViewState":{"m_AlwaysRefresh":false,"showFog":true,"showSkybox":true,"showFlares":true,"showImageEffects":true,"showParticleSystems":true,"showVisualEffectGraphs":true,"m_FxEnabled":true},"in2DMode":false,"pivot":{"x":3.3620786666870119,"y":1.3355892896652222,"z":0.6797938346862793},"rotation":{"x":-0.15329399704933167,"y":0.7666381597518921,"z":-0.19886937737464906,"w":-0.5909476280212402},"size":1.5759308338165284,"orthographic":false}