{"cameraMode":{"drawMode":0,"name":"Shaded","section":"Shading Mode"},"sceneLighting":true,"audioPlay":false,"sceneViewState":{"m_AlwaysRefresh":false,"showFog":true,"showSkybox":true,"showFlares":true,"showImageEffects":true,"showParticleSystems":true,"showVisualEffectGraphs":true,"m_FxEnabled":true},"in2DMode":false,"pivot":{"x":-311.48565673828127,"y":375.3291320800781,"z":11.203180313110352},"rotation":{"x":-0.04104836657643318,"y":-0.6999795436859131,"z":-0.04036452993750572,"w":0.7118370532989502},"size":10.470508575439454,"orthographic":false}